model	sampleSize	binLeft	binRight	count	expected	chiSq	chiP	ksD	ksP	pitL1	nScored	nZeroed
kreg	300	0.000000	0.050000	1681	1500.000000	311.501333	0.00000	0.029563	8.35998e-14	0.084200	30000	0
kreg	300	0.050000	0.100000	1666	1500.000000	311.501333	0.00000	0.029563	8.35998e-14	0.084200	30000	0
kreg	300	0.100000	0.150000	1580	1500.000000	311.501333	0.00000	0.029563	8.35998e-14	0.084200	30000	0
kreg	300	0.150000	0.200000	1605	1500.000000	311.501333	0.00000	0.029563	8.35998e-14	0.084200	30000	0
kreg	300	0.200000	0.250000	1572	1500.000000	311.501333	0.00000	0.029563	8.35998e-14	0.084200	30000	0
kreg	300	0.250000	0.300000	1625	1500.000000	311.501333	0.00000	0.029563	8.35998e-14	0.084200	30000	0
kreg	300	0.300000	0.350000	1637	1500.000000	311.501333	0.00000	0.029563	8.35998e-14	0.084200	30000	0
kreg	300	0.350000	0.400000	1503	1500.000000	311.501333	0.00000	0.029563	8.35998e-14	0.084200	30000	0
kreg	300	0.400000	0.450000	1460	1500.000000	311.501333	0.00000	0.029563	8.35998e-14	0.084200	30000	0
kreg	300	0.450000	0.500000	1470	1500.000000	311.501333	0.00000	0.029563	8.35998e-14	0.084200	30000	0
kreg	300	0.500000	0.550000	1458	1500.000000	311.501333	0.00000	0.029563	8.35998e-14	0.084200	30000	0
kreg	300	0.550000	0.600000	1445	1500.000000	311.501333	0.00000	0.029563	8.35998e-14	0.084200	30000	0
kreg	300	0.600000	0.650000	1525	1500.000000	311.501333	0.00000	0.029563	8.35998e-14	0.084200	30000	0
kreg	300	0.650000	0.700000	1357	1500.000000	311.501333	0.00000	0.029563	8.35998e-14	0.084200	30000	0
kreg	300	0.700000	0.750000	1359	1500.000000	311.501333	0.00000	0.029563	8.35998e-14	0.084200	30000	0
kreg	300	0.750000	0.800000	1292	1500.000000	311.501333	0.00000	0.029563	8.35998e-14	0.084200	30000	0
kreg	300	0.800000	0.850000	1278	1500.000000	311.501333	0.00000	0.029563	8.35998e-14	0.084200	30000	0
kreg	300	0.850000	0.900000	1307	1500.000000	311.501333	0.00000	0.029563	8.35998e-14	0.084200	30000	0
kreg	300	0.900000	0.950000	1311	1500.000000	311.501333	0.00000	0.029563	8.35998e-14	0.084200	30000	0
kreg	300	0.950000	1.000000	1869	1500.000000	311.501333	0.00000	0.029563	8.35998e-14	0.084200	30000	0
kreg	1000	0.000000	0.050000	5320	5000.000000	355.455200	0.00000	0.024710	6.03884e-12	0.051700	100000	0
kreg	1000	0.050000	0.100000	5394	5000.000000	355.455200	0.00000	0.024710	6.03884e-12	0.051700	100000	0
kreg	1000	0.100000	0.150000	5297	5000.000000	355.455200	0.00000	0.024710	6.03884e-12	0.051700	100000	0
kreg	1000	0.150000	0.200000	5330	5000.000000	355.455200	0.00000	0.024710	6.03884e-12	0.051700	100000	0
kreg	1000	0.200000	0.250000	5273	5000.000000	355.455200	0.00000	0.024710	6.03884e-12	0.051700	100000	0
kreg	1000	0.250000	0.300000	5120	5000.000000	355.455200	0.00000	0.024710	6.03884e-12	0.051700	100000	0
kreg	1000	0.300000	0.350000	5244	5000.000000	355.455200	0.00000	0.024710	6.03884e-12	0.051700	100000	0
kreg	1000	0.350000	0.400000	5146	5000.000000	355.455200	0.00000	0.024710	6.03884e-12	0.051700	100000	0
kreg	1000	0.400000	0.450000	5151	5000.000000	355.455200	0.00000	0.024710	6.03884e-12	0.051700	100000	0
kreg	1000	0.450000	0.500000	5095	5000.000000	355.455200	0.00000	0.024710	6.03884e-12	0.051700	100000	0
kreg	1000	0.500000	0.550000	5065	5000.000000	355.455200	0.00000	0.024710	6.03884e-12	0.051700	100000	0
kreg	1000	0.550000	0.600000	4871	5000.000000	355.455200	0.00000	0.024710	6.03884e-12	0.051700	100000	0
kreg	1000	0.600000	0.650000	4979	5000.000000	355.455200	0.00000	0.024710	6.03884e-12	0.051700	100000	0
kreg	1000	0.650000	0.700000	4697	5000.000000	355.455200	0.00000	0.024710	6.03884e-12	0.051700	100000	0
kreg	1000	0.700000	0.750000	4633	5000.000000	355.455200	0.00000	0.024710	6.03884e-12	0.051700	100000	0
kreg	1000	0.750000	0.800000	4760	5000.000000	355.455200	0.00000	0.024710	6.03884e-12	0.051700	100000	0
kreg	1000	0.800000	0.850000	4539	5000.000000	355.455200	0.00000	0.024710	6.03884e-12	0.051700	100000	0
kreg	1000	0.850000	0.900000	4553	5000.000000	355.455200	0.00000	0.024710	6.03884e-12	0.051700	100000	0
kreg	1000	0.900000	0.950000	4383	5000.000000	355.455200	0.00000	0.024710	6.03884e-12	0.051700	100000	0
kreg	1000	0.950000	1.000000	5150	5000.000000	355.455200	0.00000	0.024710	6.03884e-12	0.051700	100000	0
kreg	3000	0.000000	0.050000	15694	15000.000000	464.462667	0.00000	0.017460	4.24794e-12	0.033493	300000	0
kreg	3000	0.050000	0.100000	15621	15000.000000	464.462667	0.00000	0.017460	4.24794e-12	0.033493	300000	0
kreg	3000	0.100000	0.150000	15496	15000.000000	464.462667	0.00000	0.017460	4.24794e-12	0.033493	300000	0
kreg	3000	0.150000	0.200000	15645	15000.000000	464.462667	0.00000	0.017460	4.24794e-12	0.033493	300000	0
kreg	3000	0.200000	0.250000	15743	15000.000000	464.462667	0.00000	0.017460	4.24794e-12	0.033493	300000	0
kreg	3000	0.250000	0.300000	15457	15000.000000	464.462667	0.00000	0.017460	4.24794e-12	0.033493	300000	0
kreg	3000	0.300000	0.350000	15468	15000.000000	464.462667	0.00000	0.017460	4.24794e-12	0.033493	300000	0
kreg	3000	0.350000	0.400000	15267	15000.000000	464.462667	0.00000	0.017460	4.24794e-12	0.033493	300000	0
kreg	3000	0.400000	0.450000	15229	15000.000000	464.462667	0.00000	0.017460	4.24794e-12	0.033493	300000	0
kreg	3000	0.450000	0.500000	15136	15000.000000	464.462667	0.00000	0.017460	4.24794e-12	0.033493	300000	0
kreg	3000	0.500000	0.550000	15146	15000.000000	464.462667	0.00000	0.017460	4.24794e-12	0.033493	300000	0
kreg	3000	0.550000	0.600000	15122	15000.000000	464.462667	0.00000	0.017460	4.24794e-12	0.033493	300000	0
kreg	3000	0.600000	0.650000	14962	15000.000000	464.462667	0.00000	0.017460	4.24794e-12	0.033493	300000	0
kreg	3000	0.650000	0.700000	14659	15000.000000	464.462667	0.00000	0.017460	4.24794e-12	0.033493	300000	0
kreg	3000	0.700000	0.750000	14640	15000.000000	464.462667	0.00000	0.017460	4.24794e-12	0.033493	300000	0
kreg	3000	0.750000	0.800000	14374	15000.000000	464.462667	0.00000	0.017460	4.24794e-12	0.033493	300000	0
kreg	3000	0.800000	0.850000	14276	15000.000000	464.462667	0.00000	0.017460	4.24794e-12	0.033493	300000	0
kreg	3000	0.850000	0.900000	14289	15000.000000	464.462667	0.00000	0.017460	4.24794e-12	0.033493	300000	0
kreg	3000	0.900000	0.950000	13626	15000.000000	464.462667	0.00000	0.017460	4.24794e-12	0.033493	300000	0
kreg	3000	0.950000	1.000000	14150	15000.000000	464.462667	0.00000	0.017460	4.24794e-12	0.033493	300000	0
ccd1	300	0.000000	0.050000	1068	1071.550000	27.659885	0.0901964	0.009607	0.0380357	0.027297	21431	8569
ccd1	300	0.050000	0.100000	1133	1071.550000	27.659885	0.0901964	0.009607	0.0380357	0.027297	21431	8569
ccd1	300	0.100000	0.150000	1100	1071.550000	27.659885	0.0901964	0.009607	0.0380357	0.027297	21431	8569
ccd1	300	0.150000	0.200000	1073	1071.550000	27.659885	0.0901964	0.009607	0.0380357	0.027297	21431	8569
ccd1	300	0.200000	0.250000	1057	1071.550000	27.659885	0.0901964	0.009607	0.0380357	0.027297	21431	8569
ccd1	300	0.250000	0.300000	1069	1071.550000	27.659885	0.0901964	0.009607	0.0380357	0.027297	21431	8569
ccd1	300	0.300000	0.350000	1078	1071.550000	27.659885	0.0901964	0.009607	0.0380357	0.027297	21431	8569
ccd1	300	0.350000	0.400000	1053	1071.550000	27.659885	0.0901964	0.009607	0.0380357	0.027297	21431	8569
ccd1	300	0.400000	0.450000	1051	1071.550000	27.659885	0.0901964	0.009607	0.0380357	0.027297	21431	8569
ccd1	300	0.450000	0.500000	1115	1071.550000	27.659885	0.0901964	0.009607	0.0380357	0.027297	21431	8569
ccd1	300	0.500000	0.550000	1076	1071.550000	27.659885	0.0901964	0.009607	0.0380357	0.027297	21431	8569
ccd1	300	0.550000	0.600000	1079	1071.550000	27.659885	0.0901964	0.009607	0.0380357	0.027297	21431	8569
ccd1	300	0.600000	0.650000	1040	1071.550000	27.659885	0.0901964	0.009607	0.0380357	0.027297	21431	8569
ccd1	300	0.650000	0.700000	1118	1071.550000	27.659885	0.0901964	0.009607	0.0380357	0.027297	21431	8569
ccd1	300	0.700000	0.750000	1157	1071.550000	27.659885	0.0901964	0.009607	0.0380357	0.027297	21431	8569
ccd1	300	0.750000	0.800000	1018	1071.550000	27.659885	0.0901964	0.009607	0.0380357	0.027297	21431	8569
ccd1	300	0.800000	0.850000	1079	1071.550000	27.659885	0.0901964	0.009607	0.0380357	0.027297	21431	8569
ccd1	300	0.850000	0.900000	992	1071.550000	27.659885	0.0901964	0.009607	0.0380357	0.027297	21431	8569
ccd1	300	0.900000	0.950000	1041	1071.550000	27.659885	0.0901964	0.009607	0.0380357	0.027297	21431	8569
ccd1	300	0.950000	1.000000	1034	1071.550000	27.659885	0.0901964	0.009607	0.0380357	0.027297	21431	8569
ccd1	1000	0.000000	0.050000	4398	4284.600000	49.581478	0.000150991	0.009773	1.54348e-07	0.020693	85692	14308
ccd1	1000	0.050000	0.100000	4463	4284.600000	49.581478	0.000150991	0.009773	1.54348e-07	0.020693	85692	14308
ccd1	1000	0.100000	0.150000	4370	4284.600000	49.581478	0.000150991	0.009773	1.54348e-07	0.020693	85692	14308
ccd1	1000	0.150000	0.200000	4340	4284.600000	49.581478	0.000150991	0.009773	1.54348e-07	0.020693	85692	14308
ccd1	1000	0.200000	0.250000	4394	4284.600000	49.581478	0.000150991	0.009773	1.54348e-07	0.020693	85692	14308
ccd1	1000	0.250000	0.300000	4433	4284.600000	49.581478	0.000150991	0.009773	1.54348e-07	0.020693	85692	14308
ccd1	1000	0.300000	0.350000	4321	4284.600000	49.581478	0.000150991	0.009773	1.54348e-07	0.020693	85692	14308
ccd1	1000	0.350000	0.400000	4244	4284.600000	49.581478	0.000150991	0.009773	1.54348e-07	0.020693	85692	14308
ccd1	1000	0.400000	0.450000	4269	4284.600000	49.581478	0.000150991	0.009773	1.54348e-07	0.020693	85692	14308
ccd1	1000	0.450000	0.500000	4424	4284.600000	49.581478	0.000150991	0.009773	1.54348e-07	0.020693	85692	14308
ccd1	1000	0.500000	0.550000	4233	4284.600000	49.581478	0.000150991	0.009773	1.54348e-07	0.020693	85692	14308
ccd1	1000	0.550000	0.600000	4305	4284.600000	49.581478	0.000150991	0.009773	1.54348e-07	0.020693	85692	14308
ccd1	1000	0.600000	0.650000	4253	4284.600000	49.581478	0.000150991	0.009773	1.54348e-07	0.020693	85692	14308
ccd1	1000	0.650000	0.700000	4220	4284.600000	49.581478	0.000150991	0.009773	1.54348e-07	0.020693	85692	14308
ccd1	1000	0.700000	0.750000	4194	4284.600000	49.581478	0.000150991	0.009773	1.54348e-07	0.020693	85692	14308
ccd1	1000	0.750000	0.800000	4084	4284.600000	49.581478	0.000150991	0.009773	1.54348e-07	0.020693	85692	14308
ccd1	1000	0.800000	0.850000	4204	4284.600000	49.581478	0.000150991	0.009773	1.54348e-07	0.020693	85692	14308
ccd1	1000	0.850000	0.900000	4137	4284.600000	49.581478	0.000150991	0.009773	1.54348e-07	0.020693	85692	14308
ccd1	1000	0.900000	0.950000	4238	4284.600000	49.581478	0.000150991	0.009773	1.54348e-07	0.020693	85692	14308
ccd1	1000	0.950000	1.000000	4168	4284.600000	49.581478	0.000150991	0.009773	1.54348e-07	0.020693	85692	14308
ccd1	3000	0.000000	0.050000	14294	13863.700000	142.716894	0.00000	0.009134	2.92655e-13	0.018807	277274	22726
ccd1	3000	0.050000	0.100000	14225	13863.700000	142.716894	0.00000	0.009134	2.92655e-13	0.018807	277274	22726
ccd1	3000	0.100000	0.150000	14037	13863.700000	142.716894	0.00000	0.009134	2.92655e-13	0.018807	277274	22726
ccd1	3000	0.150000	0.200000	14202	13863.700000	142.716894	0.00000	0.009134	2.92655e-13	0.018807	277274	22726
ccd1	3000	0.200000	0.250000	14375	13863.700000	142.716894	0.00000	0.009134	2.92655e-13	0.018807	277274	22726
ccd1	3000	0.250000	0.300000	14070	13863.700000	142.716894	0.00000	0.009134	2.92655e-13	0.018807	277274	22726
ccd1	3000	0.300000	0.350000	14065	13863.700000	142.716894	0.00000	0.009134	2.92655e-13	0.018807	277274	22726
ccd1	3000	0.350000	0.400000	13903	13863.700000	142.716894	0.00000	0.009134	2.92655e-13	0.018807	277274	22726
ccd1	3000	0.400000	0.450000	13912	13863.700000	142.716894	0.00000	0.009134	2.92655e-13	0.018807	277274	22726
ccd1	3000	0.450000	0.500000	13994	13863.700000	142.716894	0.00000	0.009134	2.92655e-13	0.018807	277274	22726
ccd1	3000	0.500000	0.550000	13780	13863.700000	142.716894	0.00000	0.009134	2.92655e-13	0.018807	277274	22726
ccd1	3000	0.550000	0.600000	13740	13863.700000	142.716894	0.00000	0.009134	2.92655e-13	0.018807	277274	22726
ccd1	3000	0.600000	0.650000	14031	13863.700000	142.716894	0.00000	0.009134	2.92655e-13	0.018807	277274	22726
ccd1	3000	0.650000	0.700000	13690	13863.700000	142.716894	0.00000	0.009134	2.92655e-13	0.018807	277274	22726
ccd1	3000	0.700000	0.750000	13560	13863.700000	142.716894	0.00000	0.009134	2.92655e-13	0.018807	277274	22726
ccd1	3000	0.750000	0.800000	13442	13863.700000	142.716894	0.00000	0.009134	2.92655e-13	0.018807	277274	22726
ccd1	3000	0.800000	0.850000	13518	13863.700000	142.716894	0.00000	0.009134	2.92655e-13	0.018807	277274	22726
ccd1	3000	0.850000	0.900000	13724	13863.700000	142.716894	0.00000	0.009134	2.92655e-13	0.018807	277274	22726
ccd1	3000	0.900000	0.950000	13628	13863.700000	142.716894	0.00000	0.009134	2.92655e-13	0.018807	277274	22726
ccd1	3000	0.950000	1.000000	13084	13863.700000	142.716894	0.00000	0.009134	2.92655e-13	0.018807	277274	22726
ccd0	300	0.000000	0.050000	440	1331.350000	32342.027679	0.00000	0.315105	1.39560e-10	0.629605	26627	3373
ccd0	300	0.050000	0.100000	466	1331.350000	32342.027679	0.00000	0.315105	1.39560e-10	0.629605	26627	3373
ccd0	300	0.100000	0.150000	549	1331.350000	32342.027679	0.00000	0.315105	1.39560e-10	0.629605	26627	3373
ccd0	300	0.150000	0.200000	578	1331.350000	32342.027679	0.00000	0.315105	1.39560e-10	0.629605	26627	3373
ccd0	300	0.200000	0.250000	626	1331.350000	32342.027679	0.00000	0.315105	1.39560e-10	0.629605	26627	3373
ccd0	300	0.250000	0.300000	641	1331.350000	32342.027679	0.00000	0.315105	1.39560e-10	0.629605	26627	3373
ccd0	300	0.300000	0.350000	734	1331.350000	32342.027679	0.00000	0.315105	1.39560e-10	0.629605	26627	3373
ccd0	300	0.350000	0.400000	710	1331.350000	32342.027679	0.00000	0.315105	1.39560e-10	0.629605	26627	3373
ccd0	300	0.400000	0.450000	765	1331.350000	32342.027679	0.00000	0.315105	1.39560e-10	0.629605	26627	3373
ccd0	300	0.450000	0.500000	878	1331.350000	32342.027679	0.00000	0.315105	1.39560e-10	0.629605	26627	3373
ccd0	300	0.500000	0.550000	879	1331.350000	32342.027679	0.00000	0.315105	1.39560e-10	0.629605	26627	3373
ccd0	300	0.550000	0.600000	978	1331.350000	32342.027679	0.00000	0.315105	1.39560e-10	0.629605	26627	3373
ccd0	300	0.600000	0.650000	1001	1331.350000	32342.027679	0.00000	0.315105	1.39560e-10	0.629605	26627	3373
ccd0	300	0.650000	0.700000	1124	1331.350000	32342.027679	0.00000	0.315105	1.39560e-10	0.629605	26627	3373
ccd0	300	0.700000	0.750000	1219	1331.350000	32342.027679	0.00000	0.315105	1.39560e-10	0.629605	26627	3373
ccd0	300	0.750000	0.800000	1457	1331.350000	32342.027679	0.00000	0.315105	1.39560e-10	0.629605	26627	3373
ccd0	300	0.800000	0.850000	1632	1331.350000	32342.027679	0.00000	0.315105	1.39560e-10	0.629605	26627	3373
ccd0	300	0.850000	0.900000	2064	1331.350000	32342.027679	0.00000	0.315105	1.39560e-10	0.629605	26627	3373
ccd0	300	0.900000	0.950000	2612	1331.350000	32342.027679	0.00000	0.315105	1.39560e-10	0.629605	26627	3373
ccd0	300	0.950000	1.000000	7274	1331.350000	32342.027679	0.00000	0.315105	1.39560e-10	0.629605	26627	3373
ccd0	1000	0.000000	0.050000	1524	4776.300000	137672.030274	0.00000	0.326646	3.97582e-10	0.651169	95526	4474
ccd0	1000	0.050000	0.100000	1767	4776.300000	137672.030274	0.00000	0.326646	3.97582e-10	0.651169	95526	4474
ccd0	1000	0.100000	0.150000	1938	4776.300000	137672.030274	0.00000	0.326646	3.97582e-10	0.651169	95526	4474
ccd0	1000	0.150000	0.200000	2022	4776.300000	137672.030274	0.00000	0.326646	3.97582e-10	0.651169	95526	4474
ccd0	1000	0.200000	0.250000	2107	4776.300000	137672.030274	0.00000	0.326646	3.97582e-10	0.651169	95526	4474
ccd0	1000	0.250000	0.300000	2239	4776.300000	137672.030274	0.00000	0.326646	3.97582e-10	0.651169	95526	4474
ccd0	1000	0.300000	0.350000	2402	4776.300000	137672.030274	0.00000	0.326646	3.97582e-10	0.651169	95526	4474
ccd0	1000	0.350000	0.400000	2665	4776.300000	137672.030274	0.00000	0.326646	3.97582e-10	0.651169	95526	4474
ccd0	1000	0.400000	0.450000	2709	4776.300000	137672.030274	0.00000	0.326646	3.97582e-10	0.651169	95526	4474
ccd0	1000	0.450000	0.500000	2790	4776.300000	137672.030274	0.00000	0.326646	3.97582e-10	0.651169	95526	4474
ccd0	1000	0.500000	0.550000	3129	4776.300000	137672.030274	0.00000	0.326646	3.97582e-10	0.651169	95526	4474
ccd0	1000	0.550000	0.600000	3365	4776.300000	137672.030274	0.00000	0.326646	3.97582e-10	0.651169	95526	4474
ccd0	1000	0.600000	0.650000	3555	4776.300000	137672.030274	0.00000	0.326646	3.97582e-10	0.651169	95526	4474
ccd0	1000	0.650000	0.700000	4007	4776.300000	137672.030274	0.00000	0.326646	3.97582e-10	0.651169	95526	4474
ccd0	1000	0.700000	0.750000	4379	4776.300000	137672.030274	0.00000	0.326646	3.97582e-10	0.651169	95526	4474
ccd0	1000	0.750000	0.800000	4721	4776.300000	137672.030274	0.00000	0.326646	3.97582e-10	0.651169	95526	4474
ccd0	1000	0.800000	0.850000	5686	4776.300000	137672.030274	0.00000	0.326646	3.97582e-10	0.651169	95526	4474
ccd0	1000	0.850000	0.900000	6904	4776.300000	137672.030274	0.00000	0.326646	3.97582e-10	0.651169	95526	4474
ccd0	1000	0.900000	0.950000	9209	4776.300000	137672.030274	0.00000	0.326646	3.97582e-10	0.651169	95526	4474
ccd0	1000	0.950000	1.000000	28408	4776.300000	137672.030274	0.00000	0.326646	3.97582e-10	0.651169	95526	4474
ccd0	3000	0.000000	0.050000	4718	14728.500000	459450.532980	0.00000	0.334363	7.96156e-10	0.667610	294570	5430
ccd0	3000	0.050000	0.100000	5252	14728.500000	459450.532980	0.00000	0.334363	7.96156e-10	0.667610	294570	5430
ccd0	3000	0.100000	0.150000	5931	14728.500000	459450.532980	0.00000	0.334363	7.96156e-10	0.667610	294570	5430
ccd0	3000	0.150000	0.200000	6156	14728.500000	459450.532980	0.00000	0.334363	7.96156e-10	0.667610	294570	5430
ccd0	3000	0.200000	0.250000	6485	14728.500000	459450.532980	0.00000	0.334363	7.96156e-10	0.667610	294570	5430
ccd0	3000	0.250000	0.300000	6923	14728.500000	459450.532980	0.00000	0.334363	7.96156e-10	0.667610	294570	5430
ccd0	3000	0.300000	0.350000	7233	14728.500000	459450.532980	0.00000	0.334363	7.96156e-10	0.667610	294570	5430
ccd0	3000	0.350000	0.400000	7876	14728.500000	459450.532980	0.00000	0.334363	7.96156e-10	0.667610	294570	5430
ccd0	3000	0.400000	0.450000	8222	14728.500000	459450.532980	0.00000	0.334363	7.96156e-10	0.667610	294570	5430
ccd0	3000	0.450000	0.500000	8578	14728.500000	459450.532980	0.00000	0.334363	7.96156e-10	0.667610	294570	5430
ccd0	3000	0.500000	0.550000	9521	14728.500000	459450.532980	0.00000	0.334363	7.96156e-10	0.667610	294570	5430
ccd0	3000	0.550000	0.600000	10235	14728.500000	459450.532980	0.00000	0.334363	7.96156e-10	0.667610	294570	5430
ccd0	3000	0.600000	0.650000	10809	14728.500000	459450.532980	0.00000	0.334363	7.96156e-10	0.667610	294570	5430
ccd0	3000	0.650000	0.700000	11757	14728.500000	459450.532980	0.00000	0.334363	7.96156e-10	0.667610	294570	5430
ccd0	3000	0.700000	0.750000	12992	14728.500000	459450.532980	0.00000	0.334363	7.96156e-10	0.667610	294570	5430
ccd0	3000	0.750000	0.800000	14639	14728.500000	459450.532980	0.00000	0.334363	7.96156e-10	0.667610	294570	5430
ccd0	3000	0.800000	0.850000	17203	14728.500000	459450.532980	0.00000	0.334363	7.96156e-10	0.667610	294570	5430
ccd0	3000	0.850000	0.900000	20658	14728.500000	459450.532980	0.00000	0.334363	7.96156e-10	0.667610	294570	5430
ccd0	3000	0.900000	0.950000	28427	14728.500000	459450.532980	0.00000	0.334363	7.96156e-10	0.667610	294570	5430
ccd0	3000	0.950000	1.000000	90955	14728.500000	459450.532980	0.00000	0.334363	7.96156e-10	0.667610	294570	5430
