rep	sampleSize	alpha	mu
1	300	0.400000	0.009533
2	300	0.400000	0.004163
3	300	0.400000	0.003384
4	300	0.400000	0.004617
5	300	0.400000	0.002751
6	300	0.400000	0.002480
7	300	0.400000	0.003051
8	300	0.400000	0.003051
9	300	0.400000	0.007750
10	300	0.400000	0.002016
11	300	0.400000	0.001332
12	300	0.400000	0.024215
13	300	0.400000	0.040645
14	300	0.400000	0.003753
15	300	0.400000	0.005680
16	300	0.400000	0.005121
17	300	0.400000	0.024215
18	300	0.400000	0.001083
19	300	0.400000	0.001639
20	300	0.400000	0.005121
21	300	0.400000	0.003051
22	300	0.400000	0.005680
23	300	0.400000	0.007750
24	300	0.400000	0.001478
25	300	0.400000	0.004163
26	300	0.400000	0.016001
27	300	0.400000	0.003384
28	300	0.400000	0.001083
29	300	0.400000	0.011728
30	300	0.400000	0.005680
31	300	0.400000	0.013007
32	300	0.400000	0.005680
33	300	0.400000	0.019685
34	300	0.400000	0.001201
35	300	0.400000	0.006987
36	300	0.400000	0.003384
37	300	0.400000	0.003753
38	300	0.400000	0.008595
39	300	0.400000	0.006987
40	300	0.400000	0.004163
41	300	0.400000	0.003051
42	300	0.400000	0.007750
43	300	0.400000	0.001332
44	300	0.400000	0.001818
45	300	0.400000	0.050000
46	300	0.400000	0.014427
47	300	0.400000	0.004163
48	300	0.400000	0.005121
49	300	0.400000	0.001818
50	300	0.400000	0.004617
51	300	0.400000	0.002751
52	300	0.400000	0.001818
53	300	0.400000	0.003051
54	300	0.400000	0.008595
55	300	0.400000	0.029789
56	300	0.400000	0.005680
57	300	0.400000	0.008595
58	300	0.400000	0.019685
59	300	0.400000	0.005121
60	300	0.400000	0.003051
61	300	0.400000	0.001818
62	300	0.400000	0.002016
63	300	0.400000	0.006300
64	300	0.400000	0.002236
65	300	0.400000	0.005121
66	300	0.400000	0.005680
67	300	0.400000	0.004617
68	300	0.400000	0.001639
69	300	0.400000	0.006300
70	300	0.400000	0.005680
71	300	0.400000	0.006987
72	300	0.400000	0.003384
73	300	0.400000	0.004163
74	300	0.400000	0.006987
75	300	0.400000	0.002236
76	300	0.400000	0.002236
77	300	0.400000	0.004617
78	300	0.400000	0.003051
79	300	0.400000	0.002480
80	300	0.400000	0.002480
81	300	0.400000	0.007750
82	300	0.400000	0.005680
83	300	0.400000	0.004617
84	300	0.400000	0.002480
85	300	0.400000	0.016001
86	300	0.400000	0.002236
87	300	0.400000	0.006300
88	300	0.400000	0.005680
89	300	0.400000	0.002751
90	300	0.400000	0.007750
91	300	0.400000	0.009533
92	300	0.400000	0.002236
93	300	0.400000	0.007750
94	300	0.400000	0.010574
95	300	0.400000	0.010574
96	300	0.400000	0.005680
97	300	0.400000	0.007750
98	300	0.400000	0.011728
99	300	0.400000	0.002480
100	300	0.400000	0.002236
1	1000	0.400000	0.003384
2	1000	0.400000	0.000880
3	1000	0.400000	0.001639
4	1000	0.400000	0.001639
5	1000	0.400000	0.001478
6	1000	0.400000	0.000582
7	1000	0.400000	0.001332
8	1000	0.400000	0.001201
9	1000	0.400000	0.004163
10	1000	0.400000	0.000347
11	1000	0.400000	0.000384
12	1000	0.400000	0.007750
13	1000	0.400000	0.017748
14	1000	0.400000	0.001201
15	1000	0.400000	0.002236
16	1000	0.400000	0.001818
17	1000	0.400000	0.010574
18	1000	0.400000	0.000716
19	1000	0.400000	0.000524
20	1000	0.400000	0.002236
21	1000	0.400000	0.001201
22	1000	0.400000	0.002236
23	1000	0.400000	0.002751
24	1000	0.400000	0.000880
25	1000	0.400000	0.001201
26	1000	0.400000	0.005680
27	1000	0.400000	0.001201
28	1000	0.400000	0.000582
29	1000	0.400000	0.003753
30	1000	0.400000	0.001478
31	1000	0.400000	0.005121
32	1000	0.400000	0.002236
33	1000	0.400000	0.009533
34	1000	0.400000	0.000716
35	1000	0.400000	0.002480
36	1000	0.400000	0.000582
37	1000	0.400000	0.001083
38	1000	0.400000	0.002480
39	1000	0.400000	0.002480
40	1000	0.400000	0.001332
41	1000	0.400000	0.001332
42	1000	0.400000	0.002751
43	1000	0.400000	0.000384
44	1000	0.400000	0.001083
45	1000	0.400000	0.024215
46	1000	0.400000	0.003753
47	1000	0.400000	0.001332
48	1000	0.400000	0.001478
49	1000	0.400000	0.000880
50	1000	0.400000	0.002016
51	1000	0.400000	0.001083
52	1000	0.400000	0.000254
53	1000	0.400000	0.000976
54	1000	0.400000	0.002480
55	1000	0.400000	0.011728
56	1000	0.400000	0.001478
57	1000	0.400000	0.002751
58	1000	0.400000	0.007750
59	1000	0.400000	0.001639
60	1000	0.400000	0.001639
61	1000	0.400000	0.000312
62	1000	0.400000	0.000880
63	1000	0.400000	0.001639
64	1000	0.400000	0.001201
65	1000	0.400000	0.000880
66	1000	0.400000	0.001818
67	1000	0.400000	0.001332
68	1000	0.400000	0.001083
69	1000	0.400000	0.003384
70	1000	0.400000	0.001332
71	1000	0.400000	0.004163
72	1000	0.400000	0.001083
73	1000	0.400000	0.000976
74	1000	0.400000	0.003051
75	1000	0.400000	0.000716
76	1000	0.400000	0.001083
77	1000	0.400000	0.001478
78	1000	0.400000	0.002480
79	1000	0.400000	0.000716
80	1000	0.400000	0.001332
81	1000	0.400000	0.002751
82	1000	0.400000	0.001478
83	1000	0.400000	0.001478
84	1000	0.400000	0.000880
85	1000	0.400000	0.006300
86	1000	0.400000	0.001201
87	1000	0.400000	0.002236
88	1000	0.400000	0.002236
89	1000	0.400000	0.001332
90	1000	0.400000	0.003384
91	1000	0.400000	0.003384
92	1000	0.400000	0.001201
93	1000	0.400000	0.002480
94	1000	0.400000	0.004163
95	1000	0.400000	0.004163
96	1000	0.400000	0.002236
97	1000	0.400000	0.002236
98	1000	0.400000	0.003753
99	1000	0.400000	0.000976
100	1000	0.400000	0.000282
1	3000	0.400000	0.001083
2	3000	0.400000	0.000312
3	3000	0.400000	0.000645
4	3000	0.400000	0.000524
5	3000	0.400000	0.000645
6	3000	0.400000	0.000186
7	3000	0.400000	0.000524
8	3000	0.400000	0.000473
9	3000	0.400000	0.001332
10	3000	0.400000	0.000206
11	3000	0.400000	0.000100
12	3000	0.400000	0.003384
13	3000	0.400000	0.007750
14	3000	0.400000	0.000473
15	3000	0.400000	0.000794
16	3000	0.400000	0.000582
17	3000	0.400000	0.005680
18	3000	0.400000	0.000282
19	3000	0.400000	0.000186
20	3000	0.400000	0.000976
21	3000	0.400000	0.000524
22	3000	0.400000	0.000794
23	3000	0.400000	0.000880
24	3000	0.400000	0.000312
25	3000	0.400000	0.000645
26	3000	0.400000	0.001639
27	3000	0.400000	0.000473
28	3000	0.400000	0.000473
29	3000	0.400000	0.001478
30	3000	0.400000	0.000716
31	3000	0.400000	0.001818
32	3000	0.400000	0.000976
33	3000	0.400000	0.004163
34	3000	0.400000	0.000206
35	3000	0.400000	0.001332
36	3000	0.400000	0.000186
37	3000	0.400000	0.000426
38	3000	0.400000	0.001201
39	3000	0.400000	0.000716
40	3000	0.400000	0.000794
41	3000	0.400000	0.000282
42	3000	0.400000	0.000880
43	3000	0.400000	0.000206
44	3000	0.400000	0.000384
45	3000	0.400000	0.011728
46	3000	0.400000	0.001639
47	3000	0.400000	0.000582
48	3000	0.400000	0.000473
49	3000	0.400000	0.000347
50	3000	0.400000	0.000716
51	3000	0.400000	0.000347
52	3000	0.400000	0.000151
53	3000	0.400000	0.000473
54	3000	0.400000	0.001201
55	3000	0.400000	0.003753
56	3000	0.400000	0.000645
57	3000	0.400000	0.001083
58	3000	0.400000	0.003384
59	3000	0.400000	0.000880
60	3000	0.400000	0.000794
61	3000	0.400000	0.000186
62	3000	0.400000	0.000426
63	3000	0.400000	0.000794
64	3000	0.400000	0.000426
65	3000	0.400000	0.000473
66	3000	0.400000	0.000582
67	3000	0.400000	0.000582
68	3000	0.400000	0.000473
69	3000	0.400000	0.001332
70	3000	0.400000	0.000645
71	3000	0.400000	0.001639
72	3000	0.400000	0.000524
73	3000	0.400000	0.000524
74	3000	0.400000	0.001083
75	3000	0.400000	0.000254
76	3000	0.400000	0.000473
77	3000	0.400000	0.000794
78	3000	0.400000	0.001201
79	3000	0.400000	0.000473
80	3000	0.400000	0.000582
81	3000	0.400000	0.001083
82	3000	0.400000	0.000582
83	3000	0.400000	0.000716
84	3000	0.400000	0.000347
85	3000	0.400000	0.002751
86	3000	0.400000	0.000524
87	3000	0.400000	0.000645
88	3000	0.400000	0.000794
89	3000	0.400000	0.000312
90	3000	0.400000	0.001639
91	3000	0.400000	0.001083
92	3000	0.400000	0.000384
93	3000	0.400000	0.000976
94	3000	0.400000	0.001818
95	3000	0.400000	0.002016
96	3000	0.400000	0.000976
97	3000	0.400000	0.000880
98	3000	0.400000	0.001201
99	3000	0.400000	0.000384
100	3000	0.400000	0.000229
